Team,Knockout
Algeria,1
Argentina,1
Australia,1
Austria,1
Belgium,1
Bosnia and Herzegovina,1
Brazil,1
Cabo Verde,1
Canada,1
Colombia,1
DR Congo,1
Ivory Coast,1
Croatia,1
Curacao,0
Czechia,0
Ecuador,1
Egypt,1
England,1
France,1
Germany,1
Ghana,1
Haiti,0
Iran,0
Iraq,0
Japan,1
Jordan,0
South Korea,0
Mexico,1
Morocco,1
Netherlands,1
New Zealand,0
Norway,1
Panama,0
Paraguay,1
Portugal,1
Qatar,0
Saudi Arabia,0
Scotland,0
Senegal,1
South Africa,1
Spain,1
Sweden,1
Switzerland,1
Tunisia,0
Turkiye,0
Uruguay,0
United States,1
Uzbekistan,0
