Squad,Result,Poss,Opponent
Ghana,W,38,pa Panama
Ghana,D,21,eng England
Ghana,L,47,hr Croatia
Ghana,L,39,co Colombia
Spain,D,74,cv Cabo Verde
Spain,W,67,sa Saudi Arabia
Spain,W,67,uy Uruguay
Spain,W,65,at Austria
Spain,W,56,pt Portugal
Spain,W,68,be Belgium
Spain,W,51,fr France
Spain,W,65,ar Argentina
Iran,D,48,nz New Zealand
Iran,D,30,be Belgium
Iran,D,39,eg Egypt
Netherlands,D,60,jp Japan
Netherlands,W,51,se Sweden
Netherlands,W,72,tn Tunisia
Netherlands,D,30,ma Morocco
Uzbekistan,L,39,co Colombia
Uzbekistan,L,34,pt Portugal
Uzbekistan,L,42,cd Congo DR
Croatia,L,48,eng England
Croatia,W,58,pa Panama
Croatia,W,53,gh Ghana
Croatia,L,40,pt Portugal
Argentina,W,48,dz Algeria
Argentina,W,54,at Austria
Argentina,W,73,jo Jordan
Argentina,W,64,cv Cabo Verde
Argentina,W,64,eg Egypt
Argentina,W,59,ch Switzerland
Argentina,W,64,eng England
Argentina,L,35,es Spain
England,W,52,hr Croatia
England,D,79,gh Ghana
England,W,67,pa Panama
England,W,60,cd Congo DR
England,W,33,mx Mexico
England,W,52,no Norway
England,L,36,ar Argentina
England,W,54,fr France
Panama,L,62,gh Ghana
Panama,L,42,hr Croatia
Panama,L,33,eng England
Jordan,L,37,at Austria
Jordan,L,28,dz Algeria
Jordan,L,27,ar Argentina
Cabo Verde,D,26,es Spain
Cabo Verde,D,35,uy Uruguay
Cabo Verde,D,51,sa Saudi Arabia
Cabo Verde,L,37,ar Argentina
